relative_path	size_bytes	sha256
.gitattributes	65	fd4d575d9626216472a7ed67e167f4c934bd8504a24d92c37908e7973ea50dc4
.gitignore	189	f4a25c6d9b9cb3846b8cd8b0b840ae02610bc1e429559f8bdae9614d5a00955e
CHANGELOG.md	267	2836d9e1c5ba062a98524ab1ade48cb5eb453ca78405700b68bc561b7fd7d652
CITATION.cff	585	b6c53b2b508ce153db3960afe828f45fdccf4b8d18cedced167778e254cf20e0
LICENSE_PENDING.md	344	03d121f90857cc8ac60a5b3b116e6ce4ad719687fcbf00d8171a8d1e41d5d1db
PRE_PUBLICATION_CHECKLIST.md	638	842144c35d3c053dcb7088e248601862060a17afc6fc444c98e284319071f072
README.md	1630	3d35fa3f8c15cc43a4bc990db9c4c5ff8db4fdeb161924ab88b44d24f7f2dd88
RELEASE_NOTES.md	626	402f3426f018d35f138522534d804593b3522a94aaa3df88157d31c42100b704
docs/PORTABILITY.md	966	ad8b482cdd8c4b439eb0f41780e1c757c04b74f31f53c39492e217dbe12646fc
docs/WORKFLOW.md	1070	b824c88d844c236e7c5f7da897ae4d14a92009e7eb630c1212ffe5ca442427ea
environment.yml	149	d4a81caabfa95ced33f614c4c563b0abda8b761d6761f016c09076818e24b600
metadata/wgbs_F25C_F25UV_background_adjusted_design.tsv	297	7bb144d83c49c2706d6151771e0ca653ee7fe3d83473ede08bfce9e65b72177f
metadata/wgbs_all25_qc_status.tsv	1127	55b9aebf8d01db77ed06c15f6f8edc717935bb830981a97192f9d406f1890b63
metadata/wgbs_primary22_groups.tsv	400	4f3ac138fd4861f34f75a6db50ba48706deda3841c6aeef26330909f19b1f820
metadata/wgs_primary23_groups.tsv	412	9441082de4330e40391d2aec3a660ffe23ad26c617cdd82c1debdfb045eb2cc9
requirements.txt	53	00ac32594059ef05e3543f3b81b2bb08c6f29a2e6c36ba46b0bcd7b877b148bf
scripts/PCA_WGS_PRIMARY23_5kb_recovery.sh	4335	8814b93a2d4b05047879983646b35203aae3c11dd76489a5f9a7faa916f841c9
scripts/QC_WGS_PRIMARY23_raw.sh	5052	0d248d4a382dea99ff03e4d6797a2bb4741109b5c0f095e4b68590162b30f60b
scripts/align_UVC_WGS_pilot.sh	3254	c5038dd2123f300e8b96b7e883d009cfa56f77fdb41df66ea1e2606784bb5099
scripts/align_UVC_WGS_remaining_array.sh	3410	5552c4264124aa2ea4001788dad41223dc87a4821b317362bb8bdfda985c0aca
scripts/annotate_UVC_confirmed_SNPs_Araport11.sh	3453	a7fdca9a34a38c9323c686ad63cc73ece0444566ffe34811f9ae80958b8c288a
scripts/annotate_recurrent_and_high_confidence_UVC_loci.py	9171	d177e3a622bd318b108e8a9087d5926890dbe314929c673ded63d9dc1329753e
scripts/build_PRIMARY22_WGBS_500bp_matrices.py	6550	044db650e4b502f420246d6cf40c6ce66b49d0263a1589be0603b311684f384e
scripts/build_PRIMARY22_WGBS_500bp_matrices.sh	698	77dd1ab95287253342691011151328212ae77fc783e1ba93e224399e947fa7df
scripts/calculate_PRIMARY23_genetic_distances.py	7789	a87a5077958c391dcc098446c33f31d99974f76ada64b6ae78ed454b8f0be74b
scripts/calculate_PRIMARY23_genetic_distances_generic.py	7739	55cbbb8522a14cc108e2e4419f96d47e28d1c9a22f9e592a20fa9bef05b44751
scripts/calculate_UVC_dipyrimidine_enrichment.py	3633	c59ea5f41814d2a071fa32db986dca804d8a57a1f315cf883c9642c143a8f538
scripts/classify_F25UV_background_states_100bp.py	8337	eba4ee43ccc667c1795a0b5fb7fd58217475da435d023c91f9ce3e048984c8f9
scripts/classify_F25UV_background_states_100bp.sh	484	da4a7f51d4e530a947d12c55ebdd302aedbd751b692eadf5eb7851803734787d
scripts/classify_UVC_matched_variants.py	3357	69b8a3cd377fcc7b1db2ebc4c0eac9ed288228f3dd6857e43292618e3a50e073
scripts/compare_CG_switches_heat_cold_UVC.py	10061	c15c33f2c7b2daaf56d4dbf4e30eede35e908175dcce272840144471a75a8b74
scripts/describe_recurrent_UVC_stress_genes.py	4641	4e0bad083d816759d2723b0f81f826c1190b2591334c7efc16275ae4c0f40113
scripts/fastqc_UVC_WGS_trimmed.sh	1440	f48ef5eaebd4d26f01bd490e465910b4a6abdcbcab6e10f00667bbfebd28933f
scripts/filter_PRIMARY23_mutation_candidates.sh	3001	2214f5096c8df3ffca5722d47de0be9fb8ea20a70a313c14ac36d82ff003028f
scripts/filter_and_PCA_WGS_PRIMARY23.sh	7464	78bc8865c049a2fec9bdc590e8d0375f672247465722822a7f261c53f18ad98b
scripts/gather_WGS_joint_PRIMARY23.sh	2950	ae0c6e784365ec50df8dd78f5e0216f9c19e402b0eb67f35e62e562d963dd6e5
scripts/genomicsdb_import_WGS_PRIMARY23.sh	3007	b33e1750e2a934fcc3f9f7286963da7fd374bdebe8913032f343db4741f4b4cc
scripts/genotype_WGS_joint_PRIMARY23.sh	3187	f52a61bf4838c2bd885e31bcc43d3215ae1623b60d4dbc2312cae002ae628ad6
scripts/haplotypecaller_UVC_WGS_pilot.sh	3392	0ffcfcb9839d5142ef6efc8ee4bbca2d2efe7a856aa55e2a94d044eb080aeb31
scripts/haplotypecaller_UVC_WGS_remaining_array.sh	3633	09e94ffbab720fce71dd288342fe85b9110cc341ce21fe7e3d7cf85edbcf4e7f
scripts/index_validate_WGS_joint_PRIMARY23.sh	2024	ecbe72e8863bd3997a3eb5dbb4c42a5317fae2f5ca18ca5ed6ae1c63f4697c45
scripts/package_UVC_manuscript_analysis.py	6124	bfe51061fef52d4dcc802f7f3908520cd60a9491dd5b046d4ca992f93cd6efb0
scripts/pileup_validate_UVC_candidates.sh	1981	297ee6f0a0241d9419d6de2f36469614e1e407bcef7a7f1eed28211f38aa0716
scripts/plot_CG_heat_cold_UVC_comparison.py	11673	4f6e701ae0785029803f1f13ee808a12d53d2754344c808c68a4b951a33ebc83
scripts/plot_PRIMARY23_UVC_WGS_summary.py	9390	3166514bc46e982a565ac373783cf6d889a576c2b8e42535fc778cb8caa5c2e5
scripts/plot_PRIMARY23_UVC_WGS_summary.sh	469	ccaf00261482ab6b1218fd3d15d46335f9535308578f692208cdee1f48624792
scripts/plot_PRIMARY23_full_PCA.py	10425	4407e46990dbdeb132e373bd8bc8a15b141a4c26d5318313b7106999db6514bb
scripts/plot_PRIMARY23_full_PCA.sh	453	dc79f86d7058c4337b6c89dd7095a57a33032ec2379a0495b1a2f24e3e50a3eb
scripts/prioritize_UVC_Araport11_annotations.py	4913	96a96af1300578dbb434a548086a625e80303225de984bfe0cc57853fecdb06b
scripts/process_UVC_WGBS_pilot.sh	1432	d3c2c38a874b9133a897a5c9c241b0dcbd85d35d35ea8986dc3b760b2f526c3d
scripts/process_UVC_WGBS_remaining_array.sh	1567	b971444f1bd2432ae3e94d9713a91efd605eafb30d43405efa16ea1505ffaf33
scripts/process_UVC_WGBS_retry_10_11.sh	1880	8b0295bd6d4303a21ad0b035f167820deba62fae183214d472a31c930d489c33
scripts/run_PRIMARY23_PCA_5kb.sh	1720	caa2e75a1413e215464f1b7fefd9473024a8875c66acc85670b5bdfe1269a4f0
scripts/run_PRIMARY23_PCA_5kb_v3.sh	2498	2c3cb10c8908807c6b6d04d1e38640fb2b329e354949ffc573058e3fadd3f084
scripts/run_PRIMARY23_PCA_without65.sh	1577	32b8b96a84698ec1add43f240abd7197f85a368e6e60b0768fb71cbdbadb6e09
scripts/run_PRIMARY23_full_PCA.sh	3888	8478d4354a937329ca7f9149c6ce386ef855c6d71de880985df5815a8f6983a6
scripts/run_PRIMARY23_genetic_distance.sh	3149	72eef2a91a4c7646d756d46653cb60f88d5f667fe4bc616377b07801136c7f03
scripts/summarize_PRIMARY22_WGBS_500bp_QC.py	6405	28e1fc81bb3a05272a6202ed1e7ab0b1620517cf8f988d656213252475137b6e
scripts/summarize_PRIMARY23_private_variants.py	4078	08367ce8e4e9a9605ad5cb880ab37a28c21a7d1db44fd8c4fb0a4ae8e23e1c10
scripts/summarize_PRIMARY23_raw_QC.py	4840	838d5bdd932ecdd6fd3eeec62d68314505f58e78916ed4f3553d2c7818fc9512
scripts/test_CG_switch_overlap_enrichment.py	7292	456cae495bd57d74d3ad4d322a54096adb87885543356c21300f7264acc459bc
scripts/test_UVC_DMR_background_interactions.py	6934	d7938386163b365806567ae4d2b689b1ea327c6e08a05615d6b708b06f1a7de9
scripts/test_UVC_DMR_background_interactions.sh	500	c2b306cf0401fbfe1879649bfd0a4eae94a1cbf60c7dd26543ac6acf15f3744f
scripts/test_UVC_background_adjusted_500bp.py	8233	5e05cfc78ae7a900d4963548893cea97baa19a02c37080d55c4836556df096d1
scripts/test_UVC_background_adjusted_500bp.sh	480	46f8ce7b568fef27e13d302fb8b0d58fc5d6403555b8cb8287746f083d07147b
scripts/trim_UVC_WGBS_array.sh	2238	5a10966906e21e6e53c32a2758301cc64bd45436381af7192fbc90928b0921b9
scripts/trim_UVC_WGS_pilot.sh	1500	2999f7cfd56345749db491e0f8dc833ed330e2697e5ef07b4b4adf55c17f9ca3
scripts/trim_UVC_WGS_remaining_array.sh	1592	3286ffcefcbc3fea2258bbaea864eb6489af898c4945bba775b1e53b80c61c53
scripts/validate_UVC_coding_consequences.py	6659	60fbcb9fd9d240bd4061e2ba16dfab5fed64465d215ee642aba52f84e15db903
