sample	group	primary_status	reason
SRR17867659	F2C	INCLUDED	Primary_cohort
SRR17867656	F2C	INCLUDED	Primary_cohort
SRR17867654	F2C	INCLUDED	Primary_cohort
SRR17867653	F2C	INCLUDED	Primary_cohort
SRR17867652	F2C	INCLUDED	Primary_cohort
SRR17867660	F25C	INCLUDED	Primary_cohort
SRR17867650	F25C	INCLUDED	Primary_cohort
SRR17867649	F25C	INCLUDED	Primary_cohort
SRR17867648	F25C	INCLUDED	Primary_cohort
SRR17867651	F25C	INCLUDED	Primary_cohort
SRR17867666	F25H	INCLUDED	Primary_cohort
SRR17867658	F25H	INCLUDED	Primary_cohort
SRR17867669	F25H	EXCLUDED	Extreme_WGBS_low_depth
SRR17867663	F25H	EXCLUDED	Matched_WGS_sample_abnormal
SRR17867655	F25H	EXCLUDED	Matched_WGS_sample_abnormal
SRR27378887	F25Cd	INCLUDED	Primary_cohort
SRR27378888	F25Cd	INCLUDED	Primary_cohort
SRR27378889	F25Cd	INCLUDED	Primary_cohort
SRR27378890	F25Cd	INCLUDED	Primary_cohort
SRR27378895	F25Cd	INCLUDED	Primary_cohort
F25UV_7_WGBS	F25UV	INCLUDED	Primary_UVC_cohort
F25UV_8_WGBS	F25UV	INCLUDED	Primary_UVC_cohort
F25UV_10_WGBS	F25UV	INCLUDED	Primary_UVC_cohort
F25UV_11_WGBS	F25UV	INCLUDED	Primary_UVC_cohort
F25UV_13_WGBS	F25UV	INCLUDED	Primary_UVC_cohort
